distance_km,budget_limit,num_people,rainfall_mm,road_access_rating,transport_mode
51.17,5462.56,3,26.57,4,car
7.24,2311.29,1,2.73,3,bike
160.74,2160.0,1,0.29,4,bus
17.1,3250.65,1,0.02,5,auto
205.6,5344.52,5,1.68,4,bus
164.14,3309.67,5,2.83,4,bus
11.82,3673.39,3,8.75,3,auto
39.25,24036.76,4,20.86,2,car
5.25,1842.71,1,6.62,5,bike
135.12,2054.46,3,7.32,3,bus
12.92,1292.31,1,4.45,4,bike
125.93,1397.79,2,7.99,5,bus
104.78,3396.12,4,1.15,4,bus
9.9,2040.48,2,10.56,3,auto
12.51,831.31,2,7.38,3,bike
8.61,898.11,1,0.73,5,bike
8.12,3429.86,2,11.94,5,auto
3.06,2816.47,1,2.07,5,bike
201.49,17560.95,4,14.89,5,car
49.09,5032.21,4,21.31,2,car
3.62,1689.13,1,6.48,2,auto
191.59,19418.78,3,19.91,2,car
76.95,6385.33,3,26.87,1,car
167.3,4416.9,4,4.08,4,bus
335.22,19416.28,2,17.58,5,car
13.71,1979.72,1,5.67,4,bike
190.66,3557.94,3,10.71,4,bus
8.13,1492.26,2,0.73,3,auto
9.33,3120.02,2,10.01,5,auto
7.79,2231.09,1,1.95,4,bike
13.66,1105.28,2,0.44,4,auto
11.35,3901.83,2,0.93,4,auto
5.62,2849.52,3,9.05,2,auto
7.18,2915.65,2,3.77,3,auto
113.74,2411.66,2,2.97,4,bus
4.64,2327.05,2,2.05,4,bike
268.74,19908.52,5,24.38,4,car
242.63,1610.86,5,19.29,3,bus
196.0,3849.68,1,18.76,5,bus
8.92,1167.57,2,6.38,5,bike
11.57,2050.77,1,1.7,3,bike
237.49,12807.14,2,19.68,4,car
10.74,621.96,1,7.7,5,bike
4.23,1613.54,3,2.74,5,auto
41.31,11484.5,5,6.84,4,car
6.51,3882.75,1,10.74,2,auto
2.64,2733.03,3,3.58,3,auto
5.34,1748.45,3,8.21,2,auto
10.74,1522.38,1,1.25,3,bike
63.55,9350.12,5,16.8,1,car
319.71,17311.68,3,6.78,1,car
9.72,2369.68,1,7.16,2,bike
30.07,3962.8,4,15.43,3,bus
6.86,1457.85,1,0.38,5,bike
17.95,1387.05,2,6.17,2,auto
216.89,15748.98,5,18.42,5,car
107.26,3363.93,1,6.76,3,bus
226.34,11341.29,4,15.01,4,car
269.32,2182.24,5,11.6,4,bus
9.89,2387.09,1,3.28,3,bike
165.64,3136.25,2,2.58,4,bus
9.73,1659.31,1,9.85,3,auto
193.2,9974.75,3,1.68,2,car
115.99,1501.69,2,19.32,4,bus
113.59,5815.36,4,10.72,3,car
119.98,10197.29,3,27.86,5,car
13.68,2367.59,2,11.1,3,auto
158.99,10032.41,3,0.45,2,car
7.35,580.79,1,3.29,2,bike
270.18,4405.55,4,14.89,4,bus
229.23,1942.38,1,3.11,5,bus
3.49,2229.05,1,5.07,5,bike
30.42,5129.2,3,16.73,3,bus
129.71,4610.81,5,14.78,5,bus
13.97,3400.68,2,14.51,4,auto
4.02,2147.21,1,5.21,3,bike
326.35,17196.88,4,16.57,4,car
16.37,3285.77,1,14.8,5,auto
8.75,1263.81,1,3.58,5,bike
341.99,15178.39,2,27.4,2,car
11.42,1127.15,1,0.65,4,bike
5.7,2980.33,3,0.7,5,auto
73.08,5015.07,2,1.78,4,bus
241.9,18755.22,4,15.27,1,car
79.28,5285.55,3,12.54,1,car
271.89,4518.7,3,15.28,3,bus
268.44,9404.67,5,20.22,2,car
3.43,2280.04,1,0.81,2,bike
7.5,2201.14,1,7.8,3,bike
71.43,19969.76,3,5.28,2,car
339.6,23594.63,3,8.94,1,car
128.97,4137.03,3,16.12,1,car
1.15,842.21,2,6.99,5,bike
6.65,1051.4,1,1.63,4,bike
209.55,12150.79,3,8.32,3,car
75.72,18952.17,5,3.79,3,car
10.68,1278.72,2,6.22,3,auto
274.99,2960.52,5,14.85,3,bus
18.69,12749.36,5,4.83,4,car
125.15,17845.89,2,1.85,2,car
13.17,3680.85,2,10.15,5,auto
11.15,2188.97,1,6.14,3,auto
4.16,2257.36,1,3.89,3,bike
163.43,3193.19,3,19.87,5,bus
2.53,1479.08,1,7.65,2,bike
6.44,914.98,3,3.21,5,auto
13.39,3939.66,2,3.89,2,auto
10.76,2200.35,1,6.02,4,bike
16.5,1324.42,2,12.15,4,auto
2.92,1895.83,1,14.5,4,auto
2.97,2993.27,1,2.57,4,auto
171.65,3832.41,2,11.64,5,bus
275.22,1996.83,2,7.38,4,bus
155.81,22797.1,4,2.53,5,car
2.22,1056.71,2,0.24,4,auto
4.35,855.62,1,2.43,4,bike
126.53,1477.57,4,14.3,5,bus
9.59,823.47,1,8.3,5,auto
14.83,841.1,1,3.23,3,bike
337.23,17704.64,3,6.32,2,car
96.13,7605.91,2,23.82,5,car
218.63,1474.31,4,9.38,3,bus
87.86,3984.9,4,14.76,5,bus
4.39,531.01,1,2.41,4,bike
9.6,2648.91,1,7.65,2,bike
320.13,16922.3,4,24.37,3,car
12.51,1451.05,1,7.72,5,bike
9.2,1879.85,3,1.25,5,auto
207.04,1599.97,3,3.41,3,bus
12.56,2455.07,1,0.29,2,bike
166.48,6803.83,5,26.63,3,car
291.48,6644.75,5,16.76,5,car
7.02,1572.8,1,6.37,5,auto
9.2,2653.65,2,1.48,4,auto
17.52,2628.03,1,5.62,4,auto
182.21,5000.5,2,12.63,4,bus
128.62,6332.33,3,23.19,4,car
99.64,13172.32,4,18.34,3,car
209.57,19002.14,5,18.91,1,car
141.35,22970.06,5,29.34,3,car
149.7,3190.73,4,12.63,4,bus
8.21,1398.08,1,1.31,4,bike
297.39,14929.58,4,6.83,1,car
5.7,2407.77,2,14.37,2,auto
241.42,9223.23,2,24.18,2,car
11.32,1987.75,2,10.58,2,auto
13.43,3228.82,1,7.71,2,auto
232.59,3788.87,2,10.26,3,bus
14.86,500.59,1,3.07,5,bike
14.36,2015.44,1,5.37,5,bike
129.58,21477.02,2,24.62,2,car
4.17,1432.45,1,3.94,5,auto
10.97,3564.68,2,13.47,5,auto
147.98,2306.15,2,0.21,4,bus
5.37,1497.61,2,0.07,2,bike
2.8,1325.25,1,0.74,4,bike
8.18,2436.08,2,8.66,4,auto
140.1,12054.22,2,25.03,3,car
8.04,3796.23,2,1.74,4,auto
79.92,8505.86,3,7.09,4,car
7.34,3144.64,2,1.03,4,auto
13.06,1669.23,1,2.77,3,auto
2.49,1339.15,1,5.17,5,bike
91.8,5202.9,3,10.29,5,bus
113.21,4124.41,3,28.89,4,car
132.94,4044.12,4,7.12,3,bus
26.24,15768.38,5,1.47,4,car
47.17,1289.07,5,9.19,3,bus
4.51,2082.75,1,4.59,2,bike
296.13,4671.88,2,9.86,1,car
54.75,1546.37,2,11.83,3,bus
4.3,2705.15,1,13.88,5,auto
162.66,14058.38,5,6.11,2,car
259.72,4846.83,2,26.05,1,car
14.89,2178.64,1,7.03,5,bike
290.37,2537.07,2,5.38,4,bus
5.37,1533.97,2,4.03,3,auto
233.68,4610.12,2,17.33,4,bus
5.56,1783.09,2,6.26,5,auto
55.52,5652.65,4,10.88,5,car
115.69,1825.41,3,13.71,4,bus
12.09,1503.06,1,12.4,5,auto
91.95,9033.89,2,13.3,5,car
217.95,3944.56,1,11.38,4,bus
6.25,2573.88,1,4.41,5,auto
12.83,3481.31,3,11.23,2,auto
210.45,5292.69,5,21.61,2,car
211.0,14776.57,4,29.12,1,car
298.72,2293.8,3,4.73,5,bus
280.3,1560.76,4,6.46,4,bus
6.69,3274.05,2,5.22,3,auto
4.09,705.95,1,5.24,4,bike
108.35,4550.25,2,17.78,3,bus
12.26,1846.0,1,5.9,2,bike
5.31,1856.35,1,5.09,3,bike
11.81,567.92,1,3.71,5,bike
218.04,2134.78,2,13.33,3,bus
16.85,3503.56,1,3.59,4,auto
7.7,850.6,1,13.67,4,auto
268.66,10418.62,2,26.01,5,car
248.23,8327.55,3,21.35,5,car
10.94,1898.14,2,9.78,5,auto
1.17,1996.11,1,5.73,4,bike
8.65,2172.62,2,10.45,4,auto
8.63,2961.67,2,0.35,3,bike
1.05,1668.28,1,6.82,3,bike
272.53,3008.6,5,11.93,5,bus
148.68,3245.36,4,13.69,4,bus
158.03,2485.7,2,16.8,4,bus
10.74,848.33,1,4.32,2,bike
79.9,11262.4,4,8.93,2,car
7.14,2180.07,1,1.24,3,bike
9.33,2041.51,1,2.39,5,bike
2.19,2992.19,1,4.76,2,bike
10.56,1262.04,2,6.29,4,auto
254.67,5452.66,4,25.0,2,car
211.85,2305.2,2,15.16,4,bus
2.46,2310.85,1,2.19,3,bike
8.08,2601.76,1,4.34,2,bike
294.69,3978.15,2,13.65,3,bus
12.12,1210.64,2,10.4,2,auto
1.28,760.27,1,1.43,2,bike
14.53,3088.12,2,13.44,5,auto
113.08,2419.9,5,17.7,3,bus
289.79,8395.76,4,13.07,2,car
195.2,10503.32,5,0.29,4,car
11.3,1089.64,1,0.5,5,bike
11.88,1896.01,1,7.25,4,bike
296.85,16175.1,3,9.76,1,car
14.37,2467.26,1,5.51,5,bike
178.39,17243.36,4,7.5,1,car
12.19,2236.74,1,4.72,4,bike
210.16,18675.51,5,20.02,2,car
205.21,5064.73,4,9.96,4,bus
339.55,24829.75,3,27.96,5,car
1.61,2082.88,2,4.81,3,bike
234.1,1660.13,2,18.9,3,bus
7.35,2062.63,2,2.42,3,auto
257.1,4743.74,2,11.76,3,bus
9.4,3939.16,2,12.95,4,auto
6.91,2127.91,2,5.79,5,auto
315.24,20940.86,3,24.05,2,car
2.37,3219.88,2,4.34,2,auto
6.41,3259.46,1,10.39,5,auto
100.41,2474.86,2,8.01,5,bus
7.73,2963.22,1,6.0,2,bike
7.46,2236.09,3,2.84,5,auto
181.52,19808.99,3,4.64,4,car
16.73,928.19,1,3.11,3,auto
143.62,1588.03,2,18.34,4,bus
271.04,1883.32,5,9.89,4,bus
1.97,1592.91,1,3.24,3,bike
228.55,3006.8,1,8.04,4,bus
6.88,2763.4,1,1.53,4,bike
68.63,4105.77,3,4.93,5,bus
118.65,1193.95,5,17.06,5,bus
6.72,1543.63,1,12.05,3,auto
15.5,3939.82,2,12.81,5,auto
30.5,9591.16,5,28.84,5,car
79.28,1649.08,3,19.52,5,bus
12.99,2146.73,1,0.56,4,bike
43.95,20784.0,2,14.06,5,car
4.99,592.22,1,4.02,3,bike
103.97,20111.9,2,2.25,4,car
288.65,1979.71,4,3.89,5,bus
332.21,9054.96,3,20.82,4,car
9.93,1142.21,1,0.47,2,bike
13.71,1290.49,1,5.46,5,bike
11.83,1406.89,2,1.76,3,bike
50.25,2046.86,2,3.8,3,bus
208.18,1234.11,5,2.2,5,bus
88.72,12159.15,5,24.97,3,car
2.04,1065.88,1,4.79,4,bike
344.02,24643.42,2,13.33,3,car
310.92,14410.06,2,20.48,2,car
318.5,22134.48,3,2.03,5,car
14.5,2650.55,1,12.17,5,auto
12.04,1793.17,1,1.18,4,bike
24.94,3326.53,1,0.32,5,bus
11.79,766.5,1,5.83,2,bike
81.55,9894.9,3,2.1,3,car
176.83,2739.08,1,14.95,5,bus
16.71,3978.42,1,11.42,2,auto
213.74,1701.33,1,18.41,3,bus
97.6,3023.55,3,14.72,4,bus
12.88,841.55,1,4.42,3,bike
7.48,2670.68,1,5.94,5,bike
246.36,14782.12,3,11.19,1,car
1.67,1915.09,1,0.96,2,bike
3.29,910.66,1,5.32,3,bike
146.66,4301.39,5,1.95,3,bus
56.03,15214.76,5,17.52,2,car
128.43,4529.83,2,3.62,5,bus
327.89,7855.17,4,13.16,3,car
15.92,3137.59,2,11.94,4,auto
1.58,870.86,2,7.72,4,bike
11.99,2172.47,1,2.98,2,bike
115.17,10648.56,3,8.32,5,car
252.41,6403.2,4,27.63,1,car
1.41,917.21,1,3.1,2,bike
16.89,3445.49,1,8.47,3,auto
3.42,1584.63,1,4.93,2,bike
166.45,22001.05,4,9.58,5,car
208.17,3859.43,4,16.5,5,bus
7.36,1014.45,3,12.25,5,auto
178.34,18650.57,4,23.44,5,car
283.18,2543.62,2,9.13,3,bus
290.06,2302.46,4,15.54,5,bus
10.37,1669.72,2,8.98,2,auto
5.52,1796.98,1,2.91,2,bike
265.45,4279.91,4,18.33,4,bus
254.43,23691.8,4,16.46,5,car
148.34,3379.18,2,12.78,3,bus
11.06,3609.71,2,14.4,2,auto
151.97,3126.32,4,10.35,3,bus
13.24,3977.01,1,4.12,2,auto
164.31,5036.34,5,22.99,2,car
79.16,14589.53,2,1.09,5,car
135.05,7847.16,2,14.42,4,car
66.48,22122.24,2,23.52,1,car
13.42,2449.69,1,0.67,5,bike
33.89,11757.04,2,19.73,2,car
9.68,1833.65,2,6.31,3,bike
12.7,1089.48,1,3.24,3,bike
2.95,3014.56,1,6.24,5,auto
16.31,2259.13,2,9.03,4,auto
283.86,21759.88,2,2.87,5,car
12.75,2663.07,3,3.59,5,auto
18.12,13290.27,5,8.54,3,car
2.09,2290.64,2,4.56,2,auto
12.64,1182.68,1,2.39,2,bike
7.01,3324.58,3,6.51,2,auto
48.06,16175.91,5,6.58,3,car
8.2,3525.89,2,1.16,2,auto
8.35,2272.62,1,4.54,3,bike
321.4,8381.69,5,17.4,4,car
4.18,1354.19,1,2.77,2,bike
4.48,1944.08,1,0.27,2,bike
105.76,2192.87,2,18.6,5,bus
211.53,17111.83,4,27.18,3,car
178.19,1396.64,1,14.55,3,bus
13.14,1946.69,1,5.8,5,bike
142.96,24093.11,5,22.29,5,car
2.11,1479.83,2,6.17,3,auto
15.42,1939.79,3,10.64,3,auto
313.22,9677.32,3,15.26,4,car
2.34,559.1,1,4.86,5,bike
68.14,10566.34,5,6.65,1,car
197.25,15755.71,5,6.97,2,car
10.3,1586.71,2,14.84,4,auto
6.93,1219.82,1,7.29,5,bike
5.55,2215.82,1,1.4,2,bike
170.67,3289.18,2,1.89,3,bus
58.91,20089.3,5,7.95,3,car
2.24,2479.54,1,3.84,4,bike
8.36,3239.39,2,4.01,2,auto
60.89,18424.2,2,8.22,2,car
129.25,20869.4,4,13.12,2,car
186.18,1945.53,4,7.79,4,bus
162.93,2164.57,4,2.31,4,bus
11.68,1520.77,1,7.23,2,bike
9.35,1864.22,1,0.12,4,bike
3.32,2350.52,2,8.45,5,auto
6.72,563.47,1,5.73,2,bike
7.22,3486.91,1,6.45,4,auto
2.65,2349.33,1,7.91,2,bike
29.69,10859.06,2,3.86,3,car
10.57,1742.94,1,6.95,5,bike
72.5,4377.69,2,5.22,5,bus
14.56,2374.13,1,6.07,4,bike
102.94,5099.29,2,8.22,3,car
18.58,20307.71,4,24.18,4,car
6.76,2248.78,1,1.06,3,bike
69.92,19455.02,5,29.69,2,car
284.47,5382.43,3,21.03,5,car
209.21,18007.77,4,21.17,1,car
10.12,2052.32,1,6.73,4,bike
201.51,21949.55,5,28.32,5,car
305.6,10038.55,3,29.83,5,car
31.5,2562.8,4,13.82,4,bus
208.15,2083.07,2,8.84,3,bus
7.31,2920.95,3,11.39,2,auto
11.97,1885.57,1,6.09,3,bike
220.75,11017.0,2,10.08,1,car
238.53,1905.29,1,19.67,5,bus
16.85,3773.25,2,7.92,4,auto
14.81,2920.53,1,8.94,5,auto
225.87,4588.02,2,17.75,5,bus
13.04,3008.31,3,7.46,2,auto
90.96,23561.3,2,20.69,3,car
55.83,14704.9,2,29.95,2,car
115.97,17145.66,5,17.17,5,car
6.85,722.1,1,4.36,5,bike
3.21,2041.04,3,13.53,5,auto
6.98,2966.79,2,5.47,5,auto
9.06,1438.12,1,7.55,5,auto
21.04,1731.53,1,5.14,4,bus
236.89,7323.94,2,24.46,4,car
1.13,2546.7,1,2.27,4,bike
11.28,2591.0,1,2.51,3,auto
5.53,2802.08,2,2.77,5,auto
12.01,723.53,1,7.03,3,bike
15.36,3767.54,2,4.77,2,auto
5.19,3607.9,2,0.21,4,auto
2.39,1503.74,1,1.63,3,bike
116.02,4077.42,2,6.32,4,bus
247.9,12777.98,4,13.56,5,car
2.3,1142.62,1,6.92,2,bike
107.71,3862.31,3,0.14,4,bus
210.67,4956.96,3,10.78,5,bus
17.31,2401.28,2,6.87,3,auto
13.34,826.76,1,9.93,2,auto
220.87,21475.41,5,1.0,5,car
13.72,3757.14,3,12.5,3,auto
4.36,734.68,1,7.48,2,bike
207.8,2212.48,1,6.84,3,bus
8.79,2391.59,1,1.55,2,bike
7.08,1375.2,1,5.35,2,bike
12.98,2575.55,1,5.34,2,bike
315.8,6698.83,4,8.25,5,car
16.43,3381.42,3,11.31,2,auto
9.45,2170.53,1,3.71,4,bike
149.53,4682.35,2,17.49,4,bus
13.79,3918.69,1,10.23,3,auto
129.39,3996.24,2,10.88,4,bus
241.82,20217.05,3,24.1,2,car
271.63,3054.29,2,18.6,3,bus
187.25,2771.36,3,6.8,5,bus
140.31,4374.37,3,5.11,4,bus
241.22,3773.31,1,2.43,4,bus
9.3,1478.81,1,5.56,2,bike
198.12,13156.99,4,11.37,4,car
196.31,2872.72,5,18.12,5,bus
8.66,3430.98,3,3.18,2,auto
211.14,10628.73,3,9.28,2,car
280.31,6670.8,3,16.14,5,car
142.61,4797.97,2,2.01,3,bus
7.31,3301.22,2,9.42,4,auto
11.32,1780.55,1,0.33,2,bike
111.23,14738.12,5,19.08,4,car
12.76,1459.58,1,4.7,2,bike
6.61,1899.1,1,1.46,2,bike
177.4,3487.17,1,19.09,3,bus
9.16,1229.68,3,7.94,4,auto
244.85,2868.68,2,16.06,4,bus
10.84,2464.54,1,11.63,3,auto
14.52,3976.05,1,13.11,3,auto
114.18,3640.37,1,3.14,4,bus
16.11,3405.2,2,1.66,2,auto
213.04,2277.09,2,2.6,3,bus
13.14,1385.37,1,0.84,4,bike
41.45,3988.15,3,9.79,5,bus
10.91,551.46,2,6.66,3,bike
190.71,5117.94,1,7.94,4,bus
185.36,14011.83,3,19.2,2,car
71.66,10771.45,2,27.43,2,car
8.32,2175.24,2,4.26,5,bike
145.19,12735.78,3,13.72,1,car
160.62,8049.63,5,14.57,2,car
10.17,2979.36,1,0.62,4,bike
1.81,686.74,2,7.92,4,bike
6.58,865.93,1,0.55,3,bike
8.25,1307.77,1,9.08,2,auto
148.39,3540.66,2,17.72,3,bus
1.79,2631.82,1,3.02,5,bike
13.15,2908.09,1,5.85,4,bike
11.33,1630.54,1,3.62,4,bike
16.3,1038.84,3,14.95,5,auto
11.91,1375.31,1,7.75,2,bike
6.11,3373.11,2,14.92,4,auto
12.02,2937.09,1,3.43,2,bike
2.24,2013.1,2,0.29,5,auto
13.13,2754.47,1,0.83,4,auto
104.44,1847.36,4,2.88,3,bus
197.3,4168.17,4,10.29,2,car
11.72,2471.12,1,2.08,2,bike
6.76,1094.61,2,9.35,4,auto
2.51,2213.25,1,7.72,4,bike
5.37,1301.86,1,5.97,4,bike
155.21,2756.47,4,5.04,3,bus
119.04,16930.25,2,16.17,2,car
195.65,3122.64,5,3.74,3,bus
8.71,717.47,1,2.98,5,bike
11.47,1894.53,1,0.43,5,bike
132.27,2578.19,5,2.1,4,bus
195.85,4734.73,2,11.95,5,bus
15.81,2502.05,2,4.45,3,auto
12.6,1577.22,1,4.94,2,bike
3.52,1807.74,1,2.65,4,auto
7.78,2385.63,1,2.38,4,bike
132.47,11913.02,4,25.08,4,car
2.75,1463.44,1,6.24,3,bike
284.03,13067.91,3,11.95,4,car
16.24,1906.81,1,0.38,5,auto
2.54,3613.39,1,8.36,5,auto
9.51,2217.79,2,12.92,3,auto
71.64,3238.82,3,15.19,4,bus
2.79,1345.67,2,1.8,2,bike
185.55,7096.53,5,3.11,5,car
9.34,3144.75,2,10.09,3,auto
215.81,7596.74,5,0.41,2,car
8.32,926.27,2,8.15,4,auto
10.71,1547.97,2,12.3,3,auto
182.0,5101.04,3,10.02,5,bus
177.64,14037.99,4,17.78,1,car
66.86,11762.51,4,27.33,1,car
91.64,2831.85,2,15.13,5,bus
5.69,2507.13,1,2.67,4,bike
206.5,22960.41,3,28.51,4,car
278.81,2036.74,2,9.49,5,bus
8.98,2406.15,2,2.74,3,bike
7.33,2108.94,1,5.85,4,bike
7.33,3145.76,2,11.9,4,auto
120.65,4862.66,1,18.03,4,bus
290.23,15644.27,4,0.8,2,car
240.85,17298.65,4,12.68,5,car
14.7,1306.57,1,8.36,2,auto
6.88,2096.31,1,2.19,4,bike
122.39,5963.92,5,4.77,3,car
254.2,3470.09,2,8.04,3,bus
109.65,11938.52,2,19.44,5,car
9.79,2185.76,1,5.77,4,bike
100.77,17667.39,4,5.85,2,car
14.06,1451.73,2,8.2,2,auto
10.21,3965.5,1,14.14,3,auto
17.62,2987.05,2,12.0,5,auto
2.95,2732.15,2,1.72,3,auto
5.78,1450.49,1,4.64,5,bike
8.78,3339.43,1,11.73,5,auto
48.53,5100.04,5,15.2,4,bus
193.97,4234.23,1,14.99,4,bus
57.74,22045.99,5,11.94,4,car
3.31,539.09,1,3.16,5,bike
2.13,3758.6,2,8.3,2,auto
16.95,3005.08,3,8.34,5,auto
132.67,21051.61,5,9.27,5,car
167.16,22132.03,3,7.95,4,car
11.64,2437.24,1,4.32,3,auto
3.61,735.09,1,6.06,2,bike
298.56,14299.38,3,12.34,5,car
6.69,1309.98,1,5.07,2,bike
135.11,3001.21,4,19.67,5,bus
209.16,3290.02,2,17.32,5,bus
241.74,2810.38,5,14.38,5,bus
244.76,4546.16,3,1.8,5,bus
13.12,2615.65,2,11.03,5,auto
13.7,3031.28,2,6.98,3,auto
331.56,14117.87,3,4.51,1,car
51.99,12809.79,5,21.62,4,car
346.07,12165.88,5,28.63,4,car
12.11,2646.53,2,0.09,4,auto
3.64,1197.18,1,6.77,5,bike
1.44,2129.17,1,6.91,5,bike
144.56,3200.72,2,18.34,5,bus
7.08,1134.21,1,4.57,5,bike
213.66,4577.55,1,2.06,4,bus
122.96,24460.4,3,15.53,2,car
95.94,18116.21,5,3.09,3,car
5.12,2989.58,1,3.07,4,bike
302.87,6310.37,3,10.3,3,car
14.85,2065.44,1,6.71,5,bike
161.01,13497.76,4,14.87,3,car
14.51,1803.86,1,10.47,5,auto
17.98,1845.25,2,12.1,3,auto
12.55,1148.46,2,7.47,5,auto
77.67,1004.25,2,0.44,5,bus
216.46,17764.52,2,16.29,5,car
14.57,2687.83,1,11.59,2,auto
278.21,1638.97,4,14.51,5,bus
14.37,2344.74,1,4.89,4,bike
194.75,3133.34,2,5.36,3,bus
82.46,3455.51,5,18.91,3,bus
206.47,4701.96,5,19.07,3,bus
37.18,4215.53,4,3.77,3,bus
12.81,1134.94,1,5.91,3,bike
260.7,1759.65,5,9.66,4,bus
10.1,2829.13,1,3.82,2,auto
260.3,1767.71,4,9.28,3,bus
263.64,14704.45,4,4.23,5,car
154.59,12093.84,2,11.74,1,car
123.96,3257.65,3,6.11,4,bus
296.88,16971.59,5,20.95,2,car
274.17,4283.97,4,16.7,4,bus
4.54,1398.13,1,4.84,4,bike
15.03,1697.07,1,6.6,5,auto
4.65,673.14,2,3.83,4,bike
241.57,1904.1,5,5.78,5,bus
196.1,21841.6,2,21.95,5,car
13.37,1605.06,1,3.59,5,bike
8.95,2788.72,1,5.58,2,bike
124.76,8413.69,3,5.5,2,car
10.09,3811.59,3,1.54,2,auto
294.43,20795.02,2,25.87,3,car
93.55,4452.76,2,5.17,4,bus
130.82,7599.36,3,18.09,3,car
4.44,901.7,1,2.28,4,bike
164.67,4149.03,5,26.63,3,car
349.63,24731.5,5,18.19,2,car
8.14,2932.06,3,3.39,5,auto
7.3,2962.12,2,11.34,3,auto
10.5,1721.43,2,4.5,5,auto
10.42,2282.15,1,4.55,4,auto
2.05,2848.63,1,3.61,4,auto
57.99,2170.22,5,18.86,4,bus
249.86,2929.98,3,18.12,4,bus
146.91,4839.29,1,1.58,3,bus
205.85,1532.07,3,1.15,5,bus
170.67,1317.48,3,18.93,5,bus
5.91,583.01,1,3.18,3,bike
312.09,11945.3,4,10.69,2,car
296.33,4395.56,2,10.77,4,bus
11.52,831.76,2,14.45,5,auto
11.91,1397.25,1,4.27,5,auto
108.84,3176.71,1,0.17,4,bus
191.41,10368.9,4,0.16,5,car
213.48,21547.01,3,19.63,1,car
103.52,4489.77,5,2.79,4,bus
262.53,3246.34,2,5.3,5,bus
15.93,3336.3,2,11.25,3,auto
12.78,3510.04,2,10.15,2,auto
327.67,22033.59,2,10.11,4,car
33.8,2738.29,1,14.95,5,bus
7.8,3563.65,1,13.88,5,auto
5.28,3122.01,2,13.44,2,auto
31.47,16043.49,3,16.79,5,car
28.0,7922.22,2,11.06,3,car
227.57,4724.25,2,17.8,3,bus
79.92,2274.78,4,7.21,5,bus
7.3,1046.11,1,0.55,2,bike
21.36,2857.05,4,1.57,4,bus
5.12,2779.59,2,1.48,4,bike
315.87,19363.69,5,15.2,3,car
10.11,1832.39,1,2.66,3,bike
271.27,1537.21,4,16.84,4,bus
11.76,1544.42,1,5.9,3,bike
12.89,2293.7,1,14.54,4,auto
292.56,20553.78,2,15.41,5,car
329.25,7215.83,3,14.43,1,car
1.26,2785.75,1,4.61,3,bike
62.96,2649.48,2,3.03,4,bus
328.17,21534.09,3,14.18,5,car
14.86,850.21,1,7.02,2,bike
12.17,1090.31,1,0.87,4,auto
225.21,20472.57,2,7.88,5,car
137.31,16841.39,4,1.88,2,car
120.12,6978.73,2,22.16,1,car
7.65,1456.32,1,7.79,3,bike
17.53,1640.56,1,7.09,2,auto
274.78,4227.68,1,15.96,5,bus
206.67,3805.21,4,9.8,4,bus
269.06,16726.29,3,1.51,5,car
256.56,2618.54,1,3.66,3,bus
275.7,2745.88,3,2.67,4,bus
58.32,1313.74,4,18.45,5,bus
176.47,5479.67,2,14.36,2,car
15.0,2991.59,1,6.15,2,bike
226.31,3254.68,3,2.74,3,bus
308.56,4399.91,3,5.56,2,car
2.16,2835.51,3,9.19,5,auto
10.51,3615.56,2,0.45,5,auto
9.76,2551.07,1,1.65,2,bike
4.41,3525.1,3,10.9,4,auto
210.53,5192.64,5,18.69,4,bus
3.13,653.37,1,3.68,3,bike
105.69,1286.58,3,17.23,4,bus
229.56,9448.43,4,11.52,1,car
12.4,1204.64,1,5.57,2,bike
258.04,5702.25,2,12.11,1,car
6.26,1242.17,1,2.63,2,bike
8.2,1981.04,1,4.86,2,bike
13.59,3186.41,2,8.77,3,auto
253.15,24440.7,5,22.58,3,car
3.44,2722.92,2,13.76,5,auto
8.9,1774.38,1,0.99,2,auto
11.15,977.98,1,2.47,2,bike
13.85,1200.09,2,2.34,4,bike
166.91,3877.19,1,18.14,5,bus
14.68,1002.15,1,6.57,3,bike
12.37,996.63,3,14.11,3,auto
153.97,20125.08,5,4.66,5,car
281.29,3868.31,2,10.66,4,bus
195.13,1696.86,1,4.18,4,bus
3.79,2452.56,2,14.14,3,auto
210.1,6663.72,4,12.43,2,car
194.08,18177.73,5,6.66,5,car
159.11,22375.18,3,12.95,5,car
40.84,10430.11,4,3.12,5,car
170.94,23807.11,4,28.1,4,car
155.87,4500.59,5,7.52,4,bus
180.24,16161.73,2,3.17,3,car
2.53,2126.28,1,7.41,4,bike
11.21,2413.78,1,4.88,5,bike
16.74,2666.21,2,5.32,3,auto
172.74,1931.76,1,1.8,3,bus
214.02,5443.16,1,2.09,3,bus
140.14,18069.37,5,27.41,3,car
2.43,2796.88,1,0.18,4,bike
211.72,1954.37,3,12.71,5,bus
14.23,2110.95,2,3.9,3,auto
3.48,2376.54,1,7.92,5,bike
67.37,13177.71,3,18.23,2,car
198.12,15623.3,2,13.47,5,car
13.07,1650.41,1,2.32,4,bike
204.99,15784.17,3,11.21,5,car
6.18,538.64,2,3.43,2,bike
199.14,22013.05,4,13.79,2,car
15.2,2450.11,2,0.68,5,auto
5.27,2463.05,1,9.08,3,auto
5.4,2518.58,2,6.32,2,bike
6.83,1952.91,2,0.66,3,bike
4.83,1114.96,3,8.99,5,auto
142.82,1174.41,5,15.3,3,bus
4.09,2209.73,2,13.68,5,auto
5.84,953.99,2,4.67,5,bike
16.27,1779.36,2,11.84,4,auto
12.15,3266.5,1,12.88,2,auto
273.37,4815.07,3,15.26,1,car
9.73,1327.25,1,2.49,5,bike
12.66,527.58,1,6.07,5,bike
24.46,3772.82,4,7.12,4,bus
11.86,2853.09,1,4.27,2,bike
206.32,4188.97,5,22.95,5,car
9.23,1702.43,1,0.52,5,bike
215.39,16638.35,2,8.56,1,car
220.17,2934.3,1,3.5,3,bus
2.32,2050.18,1,6.17,3,auto
4.55,1117.19,1,5.7,2,bike
13.23,2580.69,2,13.67,3,auto
12.1,2504.01,1,9.08,5,auto
7.69,2941.5,2,6.28,3,auto
6.45,1221.73,1,5.75,4,bike
12.72,2298.66,2,1.85,5,auto
6.7,2676.88,1,4.54,2,bike
13.08,1230.19,1,5.38,3,auto
258.39,1379.19,3,13.61,5,bus
12.08,1594.83,2,6.41,5,auto
150.33,13662.46,4,15.61,4,car
26.73,3403.63,4,14.97,3,bus
12.52,1806.2,1,6.88,4,bike
16.31,801.42,3,2.31,4,auto
5.62,2834.23,1,1.8,3,bike
35.6,5102.78,5,19.91,4,bus
7.51,650.36,1,7.66,2,bike
5.71,2139.31,1,5.45,3,bike
5.56,2366.23,1,6.79,2,bike
13.0,2765.36,1,7.87,2,bike
8.09,2830.04,1,4.75,3,bike
15.41,3368.99,3,8.04,5,auto
254.19,5384.98,2,1.31,5,bus
93.5,3615.47,1,4.88,5,bus
43.84,2363.25,3,19.29,5,bus
290.65,2995.48,4,3.21,4,bus
62.07,17073.54,4,24.75,1,car
3.5,3710.81,2,12.44,5,auto
236.59,22519.97,4,1.66,2,car
2.46,2601.1,2,0.98,2,bike
109.84,3682.23,1,8.71,5,bus
226.4,24017.98,3,12.36,2,car
11.31,2084.68,2,1.9,2,auto
258.88,5201.11,2,8.38,4,bus
128.42,13942.13,4,20.88,2,car
6.9,3324.75,2,11.98,4,auto
6.75,2599.65,2,2.83,3,bike
121.25,2828.88,4,0.94,3,bus
321.03,12729.27,2,27.84,2,car
225.2,4942.87,1,4.64,3,bus
176.04,23562.86,4,18.29,5,car
285.66,2206.21,4,14.05,3,bus
8.12,1976.75,1,6.53,5,auto
80.97,1352.36,5,15.24,4,bus
2.68,617.36,1,0.29,3,bike
234.35,1945.86,1,2.99,3,bus
172.5,1350.35,3,9.53,3,bus
35.99,4027.72,2,14.57,3,bus
10.29,1686.58,1,6.45,5,bike
9.93,1740.42,1,5.49,4,bike
165.78,4464.82,4,20.08,3,car
256.37,1626.86,4,9.68,3,bus
11.83,827.18,2,3.63,4,bike
12.27,1174.55,1,3.99,3,bike
8.09,1321.71,2,11.02,3,auto
12.92,1021.28,2,0.93,3,bike
8.52,2102.74,1,5.23,4,auto
13.66,950.31,3,1.37,5,auto
5.36,1068.49,1,3.03,2,bike
183.32,4306.42,3,18.47,4,bus
16.71,1363.51,1,0.2,3,auto
4.01,3272.87,1,10.16,2,auto
83.63,3447.04,5,10.3,3,bus
10.84,2704.74,3,8.65,2,auto
114.74,5209.85,3,10.52,5,bus
190.39,8298.99,2,15.6,2,car
14.48,1178.3,1,10.68,2,auto
53.1,2806.74,3,7.55,3,bus
4.2,2990.83,2,5.2,3,bike
10.87,3442.98,2,11.77,2,auto
3.26,1138.73,2,4.48,5,bike
161.69,1731.3,1,3.85,3,bus
198.06,4446.41,1,0.44,3,bus
8.09,1081.38,1,6.21,5,bike
4.81,2616.73,2,7.34,4,auto
81.36,1507.79,1,14.97,3,bus
5.52,608.5,2,7.35,5,bike
7.12,2760.4,1,4.11,5,bike
172.55,4608.93,2,27.61,5,car
16.44,1900.66,2,9.88,3,auto
4.71,2113.22,1,3.21,2,bike
59.07,10347.81,3,7.66,5,car
12.82,3061.22,2,4.69,5,auto
2.49,1454.23,2,7.66,5,auto
303.47,5645.1,4,15.11,1,car
1.94,1513.12,1,5.76,2,bike
103.27,4067.76,3,1.45,5,bus
10.99,2738.02,1,4.26,2,bike
86.48,12086.06,4,6.3,5,car
90.9,4616.62,3,12.45,5,bus
130.69,24812.19,5,17.05,4,car
184.43,4377.75,3,27.98,1,car
156.47,5254.17,4,9.06,4,bus
22.95,1411.42,1,9.28,5,bus
219.19,16289.09,4,27.93,1,car
3.24,3452.39,2,7.82,2,auto
123.23,21618.39,2,23.77,5,car
12.26,1631.45,3,13.44,5,auto
14.0,2501.32,2,4.17,4,auto
10.28,1279.28,1,4.37,3,bike
301.62,15144.6,2,13.49,1,car
277.25,2981.68,3,15.93,4,bus
5.08,2237.45,2,6.24,5,bike
4.47,2359.25,2,8.95,4,auto
207.39,4667.57,4,8.36,3,bus
7.78,2152.05,1,4.78,3,bike
7.2,3683.07,3,12.38,3,auto
2.19,828.92,2,13.89,3,auto
6.92,1984.08,2,11.85,3,auto
4.5,1504.28,2,10.65,4,auto
1.64,2052.01,1,1.67,4,bike
295.44,1225.79,1,14.41,5,bus
11.76,782.77,1,7.35,2,bike
227.64,3460.05,5,11.08,3,bus
13.2,2774.22,3,3.35,4,auto
2.39,1172.67,1,2.84,3,auto
21.02,5564.72,4,13.41,4,car
14.5,2074.33,2,13.4,4,auto
9.98,1818.44,3,9.67,5,auto
7.96,1865.71,3,5.75,5,auto
9.55,2873.27,1,7.63,3,bike
120.23,17302.75,3,25.9,1,car
238.81,4164.75,2,1.12,3,bus
9.34,1678.94,1,2.79,2,bike
131.62,4883.15,5,14.13,4,bus
4.89,3357.31,2,10.96,5,auto
14.48,1115.96,1,5.42,4,auto
16.69,1125.77,2,3.31,2,auto
11.73,1789.99,3,14.33,3,auto
264.54,1268.93,3,10.45,4,bus
300.56,14506.26,2,17.44,3,car
17.18,900.55,2,4.95,5,auto
6.71,1879.31,1,1.57,4,bike
232.02,8400.23,2,11.44,4,car
10.95,3451.16,2,10.45,4,auto
4.37,803.75,1,7.1,5,bike
9.66,752.81,1,5.61,3,bike
187.8,3311.69,1,6.38,3,bus
300.91,19484.83,3,20.38,4,car
5.71,836.04,1,7.92,2,bike
8.81,2529.38,1,7.05,5,bike
212.37,13542.87,4,12.18,5,car
5.4,1135.8,1,7.04,3,bike
279.93,20863.13,3,0.32,4,car
16.5,838.9,2,0.78,2,auto
145.1,3013.75,1,9.16,3,bus
265.16,22013.08,4,3.16,1,car
268.25,2849.24,2,4.98,4,bus
9.68,1904.98,1,2.52,4,bike
6.84,2372.54,2,8.44,4,auto
3.14,1940.72,1,3.39,2,bike
12.22,2898.94,1,0.88,5,bike
2.87,3195.66,2,0.0,3,auto
133.78,3182.83,2,15.34,4,bus
239.54,7945.98,5,26.43,1,car
68.71,1207.88,2,18.19,5,bus
147.75,18571.13,4,12.74,3,car
75.62,4525.24,1,7.4,3,bus
15.23,2479.15,2,3.52,4,auto
237.23,12572.99,4,22.21,1,car
4.86,3352.04,2,8.2,3,auto
43.46,3893.77,5,11.7,5,bus
13.5,3560.45,1,12.0,4,auto
6.28,550.18,1,1.69,3,bike
126.54,6624.09,2,9.51,1,car
135.85,2346.62,4,0.96,5,bus
12.08,2090.27,2,7.97,2,auto
11.39,2537.8,1,5.5,5,bike
17.21,2661.19,2,8.7,4,auto
167.27,4639.6,1,17.77,4,bus
8.44,3904.75,3,11.12,4,auto
109.52,4906.44,1,5.88,4,bus
7.67,3837.03,3,9.31,3,auto
4.07,2939.66,1,1.46,4,bike
10.87,1274.3,1,12.23,2,auto
295.55,2315.12,1,7.09,5,bus
162.92,23844.68,5,22.17,2,car
13.02,1572.49,1,6.04,2,bike
4.2,937.39,2,4.13,2,bike
257.19,8330.14,4,25.25,4,car
284.55,6895.79,3,22.88,5,car
6.6,2244.17,1,5.57,2,bike
158.95,2285.32,5,6.37,4,bus
133.44,2075.57,5,8.69,3,bus
91.98,3092.66,5,17.45,4,bus
135.57,18023.93,4,27.4,4,car
215.09,1434.88,5,4.71,3,bus
81.12,1587.03,1,3.08,4,bus
7.15,1442.36,1,2.41,4,bike
8.27,3666.16,1,7.62,2,auto
13.19,2285.22,1,2.72,4,bike
209.52,1288.43,5,14.79,4,bus
339.19,10752.38,3,28.77,2,car
248.82,4033.17,5,3.91,3,car
207.12,8520.12,2,5.65,3,car
94.91,3336.43,4,1.64,3,bus
14.84,3991.16,1,13.46,4,auto
3.69,3593.66,2,10.5,5,auto
10.35,738.84,1,3.61,3,bike
171.53,9041.78,2,1.04,5,car
4.44,1651.74,1,8.75,4,auto
11.83,2659.83,1,11.35,5,auto
12.33,945.87,3,12.63,5,auto
61.66,4467.72,4,12.73,2,car
266.88,5238.58,4,10.04,4,bus
151.69,8016.82,5,23.63,4,car
126.98,1127.03,3,13.33,3,bus
151.09,20191.81,2,3.81,1,car
9.79,704.4,2,7.37,2,bike
8.18,2516.01,1,0.42,4,bike
2.95,2745.65,1,2.54,4,bike
20.18,5333.92,4,2.58,4,bus
8.59,2878.7,1,7.31,2,bike
186.06,3201.52,5,4.85,4,bus
205.39,13229.66,4,3.95,5,car
22.55,1339.35,3,13.39,3,bus
13.59,1157.1,2,4.22,3,auto
59.35,2289.13,2,0.83,3,bus
181.59,5007.96,2,12.54,5,bus
97.81,24917.86,5,7.55,1,car
60.54,14450.64,3,1.03,2,car
190.92,8262.86,2,15.8,5,car
9.45,843.78,1,3.88,5,auto
165.13,9762.67,5,13.32,4,car
100.61,4261.13,5,9.5,4,bus
12.31,2405.71,1,3.48,4,bike
206.74,1461.38,5,2.79,5,bus
8.22,1722.12,1,1.12,5,bike
90.24,14504.16,5,14.77,5,car
114.85,3536.82,5,14.84,5,bus
157.67,24696.01,3,12.22,1,car
5.66,2326.37,1,1.33,4,bike
9.37,2804.69,1,1.57,2,bike
242.65,5408.97,4,8.65,5,car
8.51,1447.05,1,4.83,4,bike
15.09,1609.0,1,1.88,5,auto
286.39,1616.59,3,8.56,3,bus
9.64,2952.97,1,2.08,5,bike
62.35,2281.04,5,4.01,3,bus
150.02,17632.23,2,21.66,2,car
11.65,2475.52,1,7.06,4,auto
2.91,1996.55,3,9.63,3,auto
2.8,1337.8,1,1.29,5,bike
4.76,2617.52,1,14.07,3,auto
14.29,2401.53,2,3.74,3,auto
296.2,13411.59,2,11.96,4,car
3.93,1426.18,1,4.95,4,bike
3.95,1155.64,2,13.13,4,auto
114.98,17399.95,3,29.47,1,car
4.12,2697.65,2,5.3,4,auto
2.86,858.86,2,5.86,5,bike
322.7,22986.39,3,11.71,3,car
48.15,9699.01,4,24.36,3,car
25.45,1849.57,4,12.12,4,bus
16.14,2234.62,2,9.4,4,auto
8.44,2301.29,1,1.18,4,bike
252.02,13716.44,5,15.82,4,car
10.41,2437.38,1,9.69,2,auto
4.5,1723.56,1,7.9,2,bike
16.93,2205.11,3,7.68,2,auto
7.69,2956.78,1,3.16,3,auto
39.54,21058.66,4,24.24,4,car
70.62,2209.59,4,15.81,4,bus
6.26,1875.23,1,1.31,5,bike
5.88,898.22,1,2.54,2,bike
18.08,17172.43,3,11.24,4,car
9.8,2338.38,1,4.04,3,bike
159.22,5276.38,4,12.81,3,bus
111.88,20988.53,4,28.41,3,car
9.74,1239.08,1,3.65,5,bike
317.0,4729.54,4,0.42,4,car
13.1,1534.71,1,2.48,5,auto
42.84,1395.05,2,15.45,3,bus
2.06,2383.12,1,7.18,3,bike
3.61,2506.61,1,3.86,3,bike
8.66,3230.76,1,10.8,5,auto
9.23,1935.13,2,1.73,5,auto
6.07,2313.69,1,10.49,4,auto
4.73,3833.95,2,11.83,4,auto
6.66,1462.7,1,13.49,2,auto
122.06,16427.97,5,0.6,3,car
242.78,1348.67,3,8.21,5,bus
291.86,23189.07,4,24.95,3,car
7.56,961.12,1,10.38,4,auto
1.01,2980.53,1,4.89,2,bike
250.44,2057.64,3,8.1,4,bus
179.12,2236.0,3,5.21,4,bus
8.28,1619.01,1,1.33,5,bike
14.49,1138.27,1,7.83,4,bike
14.63,1081.93,1,4.95,5,bike
7.24,962.83,1,6.98,5,bike
91.31,3200.28,1,4.09,5,bus
6.81,1842.63,2,6.92,4,auto
13.07,2611.37,1,6.63,2,bike
14.17,1493.93,1,6.7,4,bike
4.47,2571.88,2,11.43,4,auto
4.24,2856.83,1,4.86,2,bike
6.63,2296.58,2,6.17,3,auto
31.18,3020.85,2,6.92,4,bus
56.58,2673.27,1,2.9,4,bus
28.51,8223.87,3,29.79,3,car
17.69,1487.03,1,8.92,2,auto
107.13,1940.76,1,9.31,3,bus
212.25,5873.67,2,15.06,2,car
144.26,24623.62,5,13.44,3,car
2.26,3302.95,1,11.96,2,auto
282.59,4047.15,3,1.45,3,bus
1.8,1827.92,2,0.31,4,bike
10.75,2946.16,2,3.06,4,auto
252.45,7735.48,2,7.14,2,car
5.58,872.22,1,7.01,2,bike
5.19,3648.69,1,5.52,2,auto
285.0,10079.46,3,24.99,3,car
5.04,3336.3,3,14.16,4,auto
132.48,3262.38,5,17.16,4,bus
136.44,1284.08,3,5.0,3,bus
3.7,788.21,1,6.36,4,bike
92.49,1237.72,2,2.03,5,bus
71.21,3553.49,2,10.75,3,bus
145.12,4500.93,3,1.02,4,bus
4.02,2057.23,1,0.41,5,bike
4.2,692.45,1,1.29,3,bike
12.05,1746.11,1,4.3,3,bike
9.77,888.12,2,14.46,5,auto
16.96,2002.58,2,7.14,4,auto
21.64,1353.29,4,12.74,4,bus
14.11,597.97,1,7.74,5,bike
215.03,12907.89,4,10.67,1,car
104.7,13553.97,3,20.27,3,car
230.14,9158.26,2,26.23,5,car
243.83,17875.28,2,12.47,2,car
164.94,21418.01,2,27.9,1,car
271.79,3805.77,5,6.32,5,bus
7.31,2390.41,1,5.32,5,bike
138.62,6845.85,3,2.48,1,car
247.23,5489.24,2,15.63,4,car
265.14,2361.1,5,17.43,4,bus
144.71,1379.15,3,16.24,4,bus
206.02,2545.2,3,0.17,4,bus
119.84,3012.86,2,6.58,3,bus
26.2,11701.79,5,8.38,2,car
17.24,1525.53,3,12.13,4,auto
14.89,2817.5,1,6.74,2,bike
13.41,1152.23,1,7.47,5,bike
5.99,2767.07,1,5.18,2,bike
168.27,2209.88,3,13.14,4,bus
9.18,1070.06,2,13.65,3,auto
337.53,6659.77,4,21.66,1,car
9.01,2950.83,1,2.45,5,bike
17.14,3656.19,2,11.71,3,auto
9.29,2780.91,1,4.98,5,bike
11.72,1585.13,1,5.87,4,auto
9.63,3098.66,1,9.61,4,auto
7.31,533.16,2,4.51,3,bike
17.02,3660.75,2,10.94,2,auto
20.06,5117.51,2,3.36,4,bus
14.38,545.58,1,0.06,4,bike
7.28,2986.14,1,0.14,3,bike
114.08,14408.73,3,17.13,5,car
8.75,2923.26,1,5.04,3,bike
3.14,1088.09,2,3.78,2,bike
228.8,4716.73,2,18.48,3,bus
4.27,605.23,1,7.9,2,bike
14.42,960.93,1,6.17,2,bike
175.35,4937.89,2,3.91,1,car
67.53,1430.38,2,1.12,4,bus
12.63,1437.59,1,1.9,2,auto
324.28,18474.87,2,1.3,2,car
284.88,5223.78,4,19.12,1,car
349.63,16763.02,2,28.82,3,car
4.75,2841.21,2,7.95,4,auto
13.4,2039.66,1,0.2,3,bike
8.8,920.23,1,11.48,2,auto
211.76,7658.42,5,13.49,1,car
8.06,821.47,2,11.88,4,auto
269.27,14741.1,3,4.83,1,car
11.13,2617.9,2,8.23,5,auto
208.26,4101.32,2,18.73,5,bus
72.07,5278.68,5,19.11,5,bus
141.88,3363.19,2,0.15,5,bus
12.33,2525.28,2,7.31,3,bike
140.96,1148.55,5,11.6,5,bus
9.85,1621.11,1,2.63,4,bike
6.96,1728.15,3,10.09,2,auto
4.77,2493.9,1,3.64,5,bike
140.5,1744.75,5,10.71,5,bus
1.73,1446.19,1,7.96,4,bike
98.78,3059.09,1,8.58,3,bus
81.8,1713.02,4,1.09,3,bus
5.49,3966.18,2,2.07,3,auto
238.29,20958.26,3,3.93,4,car
5.95,1959.14,1,7.8,5,bike
4.39,732.76,2,7.2,4,bike
9.64,2951.16,1,5.09,4,bike
11.69,850.28,2,3.9,3,bike
3.73,2306.13,1,0.19,2,bike
10.72,1328.77,2,15.0,2,auto
8.23,1307.39,1,2.17,5,bike
189.0,15865.68,3,7.86,5,car
85.44,15883.66,5,16.48,5,car
6.8,2658.8,2,3.73,4,bike
1.04,2670.75,1,4.78,5,bike
11.9,2929.17,2,9.67,4,auto
7.78,3551.34,2,4.92,5,auto
13.56,1684.9,1,1.38,3,bike
6.43,2108.22,1,4.36,2,bike
217.79,5828.72,3,10.39,1,car
316.75,23530.11,4,22.68,1,car
4.43,899.0,3,11.6,2,auto
230.99,11132.87,4,25.27,1,car
17.41,1167.21,2,2.54,5,auto
7.14,1943.72,1,3.13,3,bike
2.28,2693.65,1,1.04,2,bike
11.87,663.42,1,0.27,5,bike
215.63,9762.65,5,26.24,1,car
11.79,1995.07,1,1.59,5,auto
117.39,3791.06,2,2.51,5,bus
6.55,2729.74,1,4.11,3,bike
80.97,20323.21,5,28.74,2,car
7.97,2822.36,1,1.56,5,auto
33.72,3577.47,5,6.53,3,bus
2.66,793.82,1,5.97,2,bike
11.3,2995.87,2,5.14,2,bike
2.63,615.01,1,6.84,5,bike
323.78,19906.85,3,8.12,5,car
41.08,1505.79,3,4.4,5,bus
5.49,2917.87,2,8.9,4,auto
162.55,22924.73,4,17.31,5,car
161.44,9625.35,5,14.92,5,car
267.48,24330.36,3,27.17,4,car
11.39,2659.04,3,11.35,4,auto
13.7,1990.78,2,1.02,3,auto
1.27,1149.53,1,1.1,4,bike
1.53,1699.45,1,2.17,2,bike
265.45,24994.78,2,8.62,1,car
1.92,2553.78,1,6.55,4,bike
274.69,1027.83,2,18.75,5,bus
2.87,534.18,1,5.53,2,bike
123.78,24610.4,2,23.4,5,car
13.74,1171.81,2,11.78,2,auto
1.62,2630.48,1,2.63,2,bike
256.74,4595.87,5,4.66,3,bus
235.16,13219.61,2,1.84,1,car
7.92,643.9,1,3.53,4,bike
1.46,1362.68,1,5.45,2,bike
99.3,4966.35,1,6.47,3,bus
26.78,23148.25,3,2.25,2,car
5.86,2749.58,1,5.31,5,bike
3.34,861.21,1,13.36,3,auto
251.47,23144.41,4,24.04,1,car
100.31,24962.1,2,2.94,1,car
6.24,2876.79,1,4.79,4,bike
35.66,1639.82,1,9.2,3,bus
183.36,3088.92,4,3.73,3,bus
282.84,3215.63,2,17.11,4,bus
144.93,3492.91,1,9.1,4,bus
1.97,751.95,1,0.76,4,bike
69.66,1031.69,1,4.23,5,bus
3.81,2091.52,2,10.57,2,auto
227.78,23100.66,2,11.7,3,car
58.46,2245.91,2,18.62,5,bus
13.28,2256.55,2,12.56,3,auto
218.18,16689.45,4,11.36,5,car
238.6,5095.88,4,12.61,5,bus
145.01,9088.16,3,5.49,1,car
241.95,2256.15,4,4.93,5,bus
9.75,1454.85,1,0.97,3,bike
315.68,9557.64,2,29.9,5,car
197.78,4865.2,3,7.81,3,bus
77.83,4307.62,1,2.65,4,bus
4.13,2908.06,1,7.76,2,bike
17.63,1126.06,1,6.5,4,auto
229.0,1654.83,5,14.64,5,bus
3.26,2216.95,1,5.15,5,auto
12.14,2725.01,1,3.0,3,bike
9.35,1770.51,3,1.78,3,auto
105.43,1759.87,5,8.95,3,bus
9.95,2397.59,1,5.1,5,bike
8.81,1966.34,1,3.03,2,bike
257.7,2787.72,4,2.46,3,bus
3.15,1059.04,2,4.58,3,bike
196.99,3265.81,1,16.6,3,bus
22.95,2773.41,2,11.51,5,bus
242.52,24683.96,5,8.5,5,car
227.45,3978.37,5,16.18,4,bus
111.39,19478.33,3,12.33,4,car
75.07,5262.85,2,18.14,5,bus
9.54,2582.99,1,3.13,3,bike
2.79,2705.34,1,6.62,5,bike
7.71,1932.13,3,11.84,4,auto
4.43,893.35,1,2.67,2,bike
8.36,3916.16,2,4.13,4,auto
9.67,1308.75,1,5.03,2,bike
4.1,2739.19,3,0.67,2,auto
17.32,2610.38,2,1.28,2,auto
257.85,22790.0,3,26.61,5,car
60.74,4947.07,5,9.35,5,bus
11.59,1798.46,1,7.02,3,bike
253.25,3060.12,4,5.31,4,bus
84.5,23022.85,5,11.49,1,car
51.12,1136.87,4,17.55,5,bus
17.05,1197.91,3,14.56,2,auto
17.29,880.45,2,1.23,3,auto
7.6,2967.91,2,0.22,4,auto
199.69,11550.41,4,22.84,3,car
10.23,1787.1,2,4.88,4,auto
5.33,934.35,2,2.73,5,auto
15.37,1985.27,2,7.11,3,auto
187.89,3476.58,4,13.8,5,bus
6.05,3960.51,1,11.56,2,auto
160.08,2868.2,1,3.34,4,bus
35.26,4763.98,2,17.71,4,bus
76.5,5089.72,4,13.53,5,bus
260.38,1592.59,1,11.96,4,bus
12.06,1261.7,1,3.22,3,bike
3.13,1801.16,3,12.76,4,auto
150.68,23562.43,2,11.63,4,car
10.37,674.83,1,2.17,5,bike
2.23,1591.68,3,2.47,5,auto
3.2,2203.06,2,14.78,2,auto
13.31,1998.34,2,0.68,4,auto
163.11,3719.41,3,15.86,5,bus
12.66,1056.34,2,2.45,4,auto
286.72,8142.1,3,3.73,1,car
180.24,2988.34,2,7.76,3,bus
189.31,24480.14,3,22.43,2,car
32.16,2174.63,1,4.66,5,bus
188.7,11398.49,3,23.51,4,car
189.61,3843.46,5,10.93,5,bus
292.93,18782.67,4,17.18,4,car
83.14,7084.78,3,4.94,4,car
291.46,3042.67,3,14.72,3,bus
7.08,1630.04,1,1.35,5,auto
14.22,2668.0,1,6.41,5,bike
152.06,2023.67,4,1.51,5,bus
2.56,2563.71,2,12.59,2,auto
27.87,2688.95,2,9.15,3,bus
7.69,1068.54,2,10.16,4,auto
21.5,10867.14,4,22.06,1,car
12.82,2825.04,1,1.67,4,bike
4.13,2554.48,1,2.78,3,bike
258.57,3516.48,2,15.04,4,bus
9.87,3348.83,1,3.39,5,auto
90.16,14370.83,5,3.39,2,car
11.91,2718.81,2,5.26,2,auto
137.14,2999.78,5,1.36,4,bus
5.8,2439.56,1,5.77,2,auto
151.67,10815.64,4,8.07,5,car
4.58,1255.15,1,6.81,4,bike
3.72,1419.4,1,6.62,2,bike
110.64,4443.37,1,13.15,5,bus
15.22,2953.89,3,5.95,5,auto
2.99,1095.55,1,8.93,5,auto
142.29,13418.19,4,29.91,3,car
14.63,1342.1,1,7.35,3,bike
241.34,3042.81,3,7.68,5,bus
103.7,2848.67,1,7.77,3,bus
19.49,4408.37,3,2.23,2,car
13.35,1335.43,2,8.76,4,auto
12.16,874.79,1,5.78,3,bike
235.34,2914.78,5,6.36,4,bus
1.23,1780.23,1,5.16,5,bike
2.21,1747.02,2,6.17,5,auto
13.54,1473.0,1,7.24,5,bike
37.21,11702.92,2,19.66,2,car
157.49,2443.3,2,0.14,5,bus
4.09,2609.34,2,11.96,3,auto
223.3,5129.98,3,12.09,4,bus
208.52,11514.08,2,25.75,5,car
160.56,3624.08,3,1.09,3,bus
226.79,1287.08,3,4.85,4,bus
46.81,19291.85,4,17.9,1,car
190.46,4514.09,2,7.91,3,car
10.22,1130.77,1,3.91,2,bike
14.08,1379.06,1,3.89,5,bike
179.65,3745.88,3,10.75,3,bus
12.45,2651.83,1,4.09,2,bike
37.05,4157.04,1,15.55,4,bus
185.44,3937.28,5,12.44,3,bus
79.0,13255.85,2,7.43,2,car
3.23,1331.37,1,7.49,4,auto
11.53,2267.45,1,1.15,5,bike
43.31,4260.51,3,14.06,5,bus
71.91,1819.28,2,16.9,5,bus
211.46,4389.03,4,3.76,4,bus
143.36,20687.92,5,27.08,5,car
6.73,2924.24,3,0.76,5,auto
12.56,2248.29,1,7.85,3,bike
6.07,1745.5,2,10.18,5,auto
179.31,4429.79,1,6.24,5,bus
90.65,4928.69,5,1.07,5,bus
9.61,2829.89,3,1.57,3,auto
14.45,3234.72,1,1.33,2,auto
15.61,1902.73,1,0.78,2,auto
12.18,2994.84,1,6.14,2,bike
17.49,1013.01,2,1.11,3,auto
94.33,17173.66,3,3.82,2,car
257.0,5637.87,2,1.93,1,car
105.26,5423.26,2,0.94,3,bus
134.89,3118.15,1,5.74,3,bus
225.21,3287.6,5,5.32,5,bus
122.44,24242.24,3,4.42,2,car
17.42,1145.74,2,8.78,5,auto
130.72,4092.35,2,8.35,5,bus
66.0,4524.23,3,12.7,5,bus
1.64,1202.41,2,7.12,5,bike
156.29,8824.04,4,25.77,3,car
10.36,1758.61,1,7.51,3,auto
215.21,1374.5,1,19.94,3,bus
70.17,5010.13,2,5.09,5,bus
6.29,1955.44,2,10.2,2,auto
17.77,800.6,2,9.25,3,auto
35.33,1919.09,5,17.24,4,bus
113.53,1480.69,2,15.46,5,bus
195.06,5035.29,2,18.27,1,car
157.87,4765.28,1,5.54,3,bus
2.81,2163.59,3,12.08,2,auto
348.76,21756.58,2,27.41,4,car
3.36,2293.42,2,12.61,3,auto
7.14,1504.36,2,5.59,4,auto
3.94,2830.85,2,1.78,3,auto
2.61,2650.35,1,0.54,3,bike
5.21,2270.43,1,4.66,2,bike
3.45,542.9,1,6.46,5,bike
287.23,6700.17,3,20.58,1,car
1.8,1205.47,1,1.98,5,bike
2.07,1198.42,2,2.02,5,bike
8.08,2028.64,1,6.98,5,bike
116.35,3342.45,5,0.67,3,bus
336.46,12088.42,3,2.63,5,car
37.48,2727.76,5,2.05,3,bus
60.78,4138.44,2,20.0,5,bus
15.17,3302.45,2,1.5,3,auto
1.07,2069.74,1,0.57,3,bike
144.85,4188.63,3,7.22,4,bus
17.85,882.46,2,9.89,2,auto
179.97,3733.62,5,5.06,4,bus
231.62,21430.69,4,25.02,2,car
7.74,793.27,1,5.48,5,bike
9.87,1839.44,1,6.68,5,bike
285.01,9317.36,5,4.93,5,car
17.52,2200.52,1,10.57,4,auto
74.46,9296.69,3,1.91,2,car
278.9,3327.09,4,2.54,5,bus
9.23,3798.17,3,11.95,3,auto
18.16,20984.65,5,17.57,1,car
3.06,3252.85,2,11.73,2,auto
5.12,2285.15,1,4.28,2,bike
2.68,2990.8,3,12.56,2,auto
3.32,2864.25,1,5.35,3,bike
2.18,2240.37,3,1.55,3,auto
14.23,2795.98,2,0.58,4,auto
251.2,13470.72,3,24.17,3,car
182.35,13208.67,5,1.56,3,car
15.49,2352.3,2,11.87,3,auto
13.86,1130.6,1,3.68,5,bike
141.43,4818.12,3,19.72,3,bus
7.55,2194.06,2,4.17,3,auto
97.41,15173.82,2,12.08,3,car
14.91,2270.93,2,6.49,3,auto
13.12,613.05,1,3.01,2,bike
11.41,2029.85,1,1.21,3,bike
60.81,20044.77,2,6.95,4,car
15.2,3320.78,1,12.56,4,auto
15.55,875.5,3,11.75,2,auto
166.53,12912.17,2,19.84,2,car
6.29,1835.82,1,3.12,2,bike
7.75,3435.37,3,7.16,2,auto
194.36,20556.39,2,22.18,2,car
335.23,23389.29,5,10.69,5,car
15.73,3308.07,2,3.02,5,auto
1.49,1957.02,2,6.85,4,bike
81.12,1246.12,5,0.78,3,bus
210.47,4714.48,2,19.61,4,bus
1.44,2605.71,1,3.16,5,bike
7.46,2093.0,1,7.16,5,bike
2.99,1747.22,1,5.62,3,bike
111.36,1093.41,2,3.8,3,bus
133.58,1761.23,1,17.07,3,bus
302.4,10269.51,2,10.03,2,car
8.95,3115.03,1,8.84,2,auto
97.95,14635.58,4,0.63,1,car
330.22,14213.81,3,18.24,2,car
16.24,1069.76,3,12.92,5,auto
4.92,1246.72,2,11.43,2,auto
12.91,2364.94,1,7.46,4,bike
12.5,2512.49,1,0.52,5,auto
245.55,20485.14,3,6.16,1,car
13.34,2903.29,1,7.03,3,bike
7.67,1485.91,1,5.98,5,bike
198.71,8143.59,3,10.44,1,car
117.94,4881.23,3,12.59,3,bus
8.24,3135.55,3,10.06,2,auto
282.13,3310.83,1,7.17,3,bus
266.33,1221.49,1,2.75,5,bus
10.01,3010.83,2,9.73,3,auto
167.59,4647.32,2,19.15,3,car
10.19,817.11,3,6.22,2,auto
215.87,2381.19,2,6.31,4,bus
212.58,2230.64,4,4.61,5,bus
217.91,5140.17,4,7.52,5,bus
182.61,14155.79,3,14.3,3,car
8.6,2867.51,2,13.32,2,auto
2.51,578.57,1,2.51,5,bike
4.17,1387.49,1,4.15,3,bike
140.68,3297.34,3,16.65,4,bus
42.87,1979.76,2,18.3,4,bus
56.9,6725.44,3,6.76,1,car
5.36,2025.83,1,2.18,5,bike
3.09,2238.54,1,7.86,2,bike
14.72,2140.34,1,5.49,4,bike
12.78,2616.02,2,1.24,2,bike
9.72,3287.86,2,10.86,3,auto
218.13,1477.96,2,17.99,3,bus
322.45,8146.43,4,20.07,5,car
23.88,3922.2,1,6.18,4,bus
272.27,24175.29,5,17.52,2,car
3.98,2865.49,1,0.91,2,bike
105.8,3498.1,5,8.53,3,bus
249.49,4996.86,4,12.12,5,bus
76.35,5006.06,5,6.78,4,bus
237.82,18507.92,3,0.01,5,car
262.76,4011.71,1,9.76,4,bus
16.92,2541.61,1,9.25,2,auto
102.87,21616.65,5,7.01,1,car
10.86,2624.92,1,11.13,5,auto
3.87,2919.99,1,1.6,5,bike
188.39,2526.49,4,16.1,3,bus
254.97,18057.09,2,4.69,5,car
288.73,22081.19,3,24.73,3,car
4.5,2331.19,2,4.55,5,auto
15.43,812.22,1,11.11,2,auto
8.52,2302.48,1,3.15,2,auto
220.3,2220.14,3,8.22,4,bus
182.62,5179.44,2,6.12,3,bus
87.4,7851.51,3,6.31,4,car
49.58,4657.83,5,6.45,3,bus
13.24,500.47,1,3.12,3,bike
13.74,3240.31,3,0.46,4,auto
24.49,5336.58,5,17.21,4,bus
66.55,2708.82,1,19.4,3,bus
9.85,2100.98,3,9.06,3,auto
16.91,2070.45,1,9.26,5,auto
11.18,2129.93,3,13.53,3,auto
278.76,15368.04,4,5.3,4,car
27.93,22456.5,2,7.84,4,car
325.55,17617.55,3,5.18,4,car
248.66,4983.57,4,10.11,3,bus
11.98,1675.65,2,1.23,4,auto
14.58,2605.3,1,3.75,4,bike
11.93,3175.21,1,2.92,5,auto
279.33,11370.49,3,24.92,1,car
212.87,3483.71,4,2.65,4,bus
9.54,2918.12,2,11.31,3,auto
11.6,1444.63,1,1.64,2,bike
13.43,2277.49,3,10.42,4,auto
72.32,22338.34,2,20.31,1,car
5.66,3860.22,1,10.19,2,auto
13.23,904.41,1,4.6,5,bike
10.57,1614.76,1,7.98,2,bike
4.75,3911.74,2,2.39,4,auto
14.34,2886.08,3,14.63,4,auto
6.25,2756.68,2,4.76,3,auto
15.33,2528.95,3,6.47,5,auto
10.29,512.65,1,4.39,3,bike
158.17,5154.28,2,14.6,3,bus
28.09,17409.42,5,22.33,3,car
12.81,2779.55,2,0.89,5,auto
3.35,2057.93,1,0.25,3,auto
17.26,3621.17,2,12.51,3,auto
247.26,2322.63,2,19.68,3,bus
132.33,23259.07,2,6.73,2,car
7.05,1228.07,1,1.12,5,bike
195.19,3477.39,5,2.51,5,bus
72.77,16172.28,4,14.47,5,car
11.55,2472.02,1,6.17,5,bike
288.63,24151.44,2,21.01,5,car
308.25,12725.36,2,19.35,1,car
6.58,2806.56,1,0.11,5,bike
283.61,1784.84,3,1.22,5,bus
193.67,3149.84,5,6.85,5,bus
13.74,2823.16,2,5.85,3,auto
69.15,23022.84,4,27.45,1,car
3.52,1093.86,2,1.45,2,bike
299.85,4610.23,4,14.55,5,bus
299.89,12700.87,4,5.97,1,car
13.1,1895.35,1,0.27,3,bike
1.78,2605.79,1,0.15,2,bike
143.99,4812.71,5,2.61,4,bus
22.07,3291.11,5,7.82,5,bus
9.19,2674.77,2,1.08,5,auto
4.42,2932.53,1,7.14,4,bike
16.58,5520.18,2,22.9,5,car
10.97,2810.96,2,3.8,2,auto
15.7,1941.66,2,4.43,5,auto
177.25,1768.66,5,6.63,5,bus
254.23,4169.51,2,13.34,5,bus
144.2,5224.95,4,9.51,5,bus
3.13,1600.81,1,0.67,5,bike
13.88,1581.32,2,5.78,3,auto
12.05,2341.98,2,14.24,4,auto
11.45,2147.59,1,0.84,2,bike
9.41,2203.32,1,5.95,3,auto
14.58,734.75,1,3.55,2,bike
10.32,1978.24,1,4.49,4,bike
4.48,3823.16,2,13.24,4,auto
6.18,1105.4,1,3.76,3,bike
17.87,1741.02,1,11.48,3,auto
243.0,6546.56,4,19.31,1,car
10.66,3951.51,3,6.79,3,auto
236.23,19338.69,3,9.99,5,car
7.8,2800.74,1,4.93,3,bike
7.48,1230.64,1,12.47,4,auto
3.59,1468.37,3,6.21,4,auto
4.08,871.76,2,11.76,4,auto
317.0,9678.05,4,19.16,5,car
101.58,2878.28,5,17.52,4,bus
279.23,3969.97,4,1.85,4,bus
8.26,1993.19,1,2.08,4,bike
69.09,1045.51,3,11.38,4,bus
155.81,1384.31,5,10.36,3,bus
17.48,2207.17,1,11.97,3,auto
146.16,18979.76,2,29.48,2,car
12.23,1697.68,1,3.37,3,bike
4.39,787.09,1,2.31,2,bike
14.57,2777.38,2,13.11,5,auto
3.23,2146.44,2,14.06,3,auto
273.25,1003.36,2,11.72,4,bus
14.5,3872.54,2,12.83,5,auto
14.36,2800.66,2,0.76,2,auto
158.87,13884.82,5,11.07,5,car
5.88,2330.43,1,10.65,5,auto
276.95,7268.61,2,0.09,5,car
9.48,2815.75,1,7.32,2,bike
13.75,1244.9,1,5.58,2,bike
32.46,2301.12,3,3.22,4,bus
212.27,2096.27,4,5.5,3,bus
73.99,19609.99,5,15.31,4,car
17.63,2095.12,1,0.99,5,auto
3.23,813.4,2,9.63,4,auto
312.85,21749.74,2,0.95,4,car
3.67,591.37,1,4.52,3,bike
275.58,3746.63,5,6.35,5,bus
12.81,2067.2,1,2.38,4,auto
213.97,7116.44,4,4.32,4,car
76.36,16375.0,3,8.35,3,car
5.65,1589.13,2,11.21,4,auto
14.79,2597.25,1,7.37,4,bike
9.49,1994.31,1,5.24,4,bike
13.64,2630.66,1,4.75,2,bike
247.09,22290.32,4,22.95,5,car
161.74,22081.7,2,2.77,3,car
250.54,10121.17,5,2.71,5,car
331.09,4879.49,4,8.77,5,car
13.54,3561.22,1,10.76,4,auto
180.05,11118.87,4,29.76,4,car
163.3,4462.49,2,10.05,3,bus
10.94,1285.88,1,6.57,5,bike
10.58,719.67,1,0.02,2,bike
260.33,3086.3,5,18.94,4,bus
163.88,4584.9,5,16.2,3,bus
1.08,2538.65,1,5.83,2,bike
158.22,19389.61,5,10.21,3,car
106.89,3265.05,1,12.91,4,bus
260.91,4646.28,2,4.49,3,car
12.02,2364.47,2,14.91,5,auto
135.0,7137.39,3,19.78,1,car
7.53,1873.95,3,12.85,4,auto
124.14,21157.01,3,0.01,5,car
124.71,4988.3,1,3.04,5,bus
75.91,5804.12,3,18.49,5,car
62.85,20049.28,2,17.11,1,car
8.31,2730.67,3,7.04,3,auto
136.19,4217.26,2,15.51,2,car
11.14,2372.9,1,0.82,3,bike
8.66,2444.32,3,13.35,2,auto
79.15,12110.96,3,13.37,2,car
10.38,610.41,1,7.99,3,bike
3.61,2731.4,1,6.46,5,bike
186.72,15848.09,2,24.68,3,car
8.92,2949.12,1,5.6,3,bike
325.61,16360.31,3,6.41,3,car
53.98,5436.7,2,7.1,3,bus
10.1,1411.74,1,3.85,4,bike
8.11,2239.53,2,2.61,5,bike
12.48,3436.06,1,11.65,4,auto
239.82,1880.71,2,12.97,3,bus
283.45,4018.89,2,9.06,4,bus
9.37,583.46,1,5.86,5,bike
70.89,4980.38,5,7.15,4,car
150.28,8509.63,5,19.72,3,car
5.53,3122.32,2,11.09,3,auto
244.0,4059.69,2,28.11,5,car
16.22,2542.42,1,3.83,5,auto
217.08,10837.2,4,25.14,3,car
112.23,4120.2,2,8.88,5,bus
258.14,4333.91,1,6.52,3,bus
96.63,5410.02,1,5.37,5,bus
239.6,10065.63,5,27.44,1,car
314.78,4508.33,3,12.71,5,car
136.87,1649.4,4,0.33,4,bus
217.47,8169.4,3,5.92,2,car
4.26,2626.81,1,4.18,5,auto
168.51,9510.74,5,27.15,3,car
14.14,953.08,1,5.93,3,bike
14.08,2677.2,3,1.2,4,auto
104.9,5349.51,3,5.17,3,bus
6.68,1863.06,1,0.62,4,auto
86.3,18043.82,5,15.19,5,car
4.55,1873.99,1,3.52,2,auto
11.47,1330.88,1,5.44,3,auto
14.01,1891.91,1,2.24,5,bike
217.71,12310.64,4,11.44,1,car
286.71,5839.09,5,26.42,3,car
9.16,2317.72,2,8.06,2,auto
47.86,4449.68,3,17.37,4,bus
265.59,2094.31,5,13.43,4,bus
154.02,10865.78,3,16.84,4,car
4.33,1500.56,1,0.66,2,bike
196.36,2619.05,3,19.41,4,bus
204.23,4707.53,3,10.94,5,bus
14.18,3842.47,2,4.47,2,auto
194.4,15415.51,3,13.07,4,car
182.88,4448.56,5,10.75,5,bus
1.61,2986.38,1,2.24,3,bike
1.07,2937.67,1,5.78,3,bike
2.16,1786.64,2,6.26,5,bike
297.91,16229.51,4,25.45,4,car
6.9,830.69,2,5.53,2,bike
269.84,7147.12,2,14.2,4,car
113.64,3336.91,2,16.26,3,bus
182.18,23562.24,2,25.39,5,car
5.26,744.18,1,3.52,4,bike
280.89,5486.27,2,4.17,3,bus
20.11,8622.71,3,1.67,4,car
25.12,5068.61,3,0.01,3,bus
9.52,1373.77,1,1.21,5,bike
8.23,2766.28,1,5.3,5,bike
106.5,2659.26,5,16.22,3,bus
3.3,3976.26,1,14.83,4,auto
16.79,19713.01,2,27.85,3,car
11.18,2057.26,1,8.75,3,auto
331.62,9936.01,3,16.62,2,car
45.03,24143.94,5,5.27,3,car
8.32,3849.27,3,5.89,3,auto
8.21,1983.85,1,5.17,5,bike
189.82,5557.7,3,28.32,5,car
8.58,2907.48,1,5.06,3,bike
136.98,17427.11,5,18.91,4,car
26.91,2831.04,3,10.67,5,bus
37.81,3482.6,2,0.99,4,bus
14.75,780.1,1,7.76,5,bike
14.78,2169.8,1,1.33,3,bike
7.31,3536.1,1,1.07,5,auto
185.59,17178.68,5,13.12,2,car
233.02,24325.11,2,18.55,3,car
15.92,1218.09,2,1.87,2,auto
161.14,24410.97,3,2.39,3,car
11.32,3399.92,2,4.59,2,auto
7.45,2661.41,1,3.04,3,bike
303.12,6575.19,5,28.46,3,car
192.22,1790.52,4,5.96,5,bus
6.08,2114.79,1,2.85,2,bike
140.39,8857.6,3,8.43,3,car
177.57,15382.7,3,14.63,5,car
2.38,2150.76,1,2.12,3,bike
16.53,2068.2,1,2.15,4,auto
339.3,19812.71,4,21.94,2,car
14.24,2947.38,2,8.24,2,auto
29.09,4345.09,3,19.91,4,bus
4.95,1476.82,1,2.98,4,bike
130.37,4816.91,5,16.11,4,bus
6.07,1951.47,1,0.1,2,bike
284.38,5479.8,5,9.37,3,bus
144.5,1121.87,5,9.84,4,bus
17.86,2542.34,3,1.13,2,auto
8.49,1083.04,1,3.79,3,bike
13.97,1281.95,1,6.96,3,auto
120.51,10434.37,2,28.74,3,car
14.26,2123.77,2,8.69,5,auto
8.79,2302.03,1,7.91,5,bike
68.84,24543.57,2,19.6,3,car
11.06,3204.65,1,7.7,4,auto
8.82,1063.85,1,5.21,2,bike
11.15,1983.2,1,3.83,4,bike
273.09,14491.99,5,23.59,2,car
14.39,2343.77,1,2.37,4,bike
11.81,1800.41,2,4.42,2,bike
210.76,4221.93,4,7.62,5,bus
6.32,1975.74,1,4.99,3,bike
27.25,2283.45,1,1.06,3,bus
11.66,3562.03,3,2.6,2,auto
11.62,2240.05,1,6.53,3,bike
140.5,2441.34,1,14.42,5,bus
154.1,16916.92,3,12.95,5,car
278.2,18143.85,5,19.09,3,car
85.75,10576.82,4,26.65,3,car
192.84,5085.4,2,29.99,1,car
47.78,2928.9,5,6.64,3,bus
291.42,14190.37,3,25.92,3,car
214.15,5457.89,3,6.59,5,bus
12.4,2038.05,1,4.99,5,bike
287.56,4751.09,2,4.75,1,car
8.52,1315.9,2,14.57,2,auto
79.06,10567.56,4,0.85,2,car
10.87,1995.72,1,0.61,3,bike
6.72,3614.39,2,1.43,4,auto
7.24,749.94,1,2.67,5,bike
10.59,906.54,2,6.58,3,bike
16.73,2670.24,2,4.03,5,auto
135.65,24332.37,2,5.57,2,car
12.81,921.88,2,10.47,5,auto
81.03,22382.63,5,8.09,4,car
254.16,14080.39,2,0.94,2,car
68.8,11154.39,2,5.12,3,car
42.81,1870.03,1,6.31,5,bus
193.07,3292.79,1,1.53,5,bus
335.85,5631.96,2,6.02,5,car
103.84,1450.7,4,15.63,4,bus
172.99,18930.75,3,3.82,1,car
9.84,624.61,2,7.28,5,bike
291.13,15861.67,3,23.22,1,car
262.22,3703.56,1,5.7,5,bus
70.18,18472.01,4,3.6,1,car
99.54,5476.49,5,0.53,5,bus
125.34,16343.7,4,3.83,5,car
197.54,9953.65,4,16.64,4,car
196.76,8893.94,5,24.32,3,car
255.91,3253.94,3,6.82,3,bus
13.3,2509.73,2,6.44,2,auto
141.06,11626.97,4,24.17,3,car
92.91,4772.8,5,13.5,5,bus
315.33,24636.28,5,7.73,4,car
240.05,12281.16,2,20.28,3,car
1.24,1307.83,2,4.64,5,bike
13.87,3514.96,2,4.54,3,auto
283.56,4967.36,4,1.51,4,bus
215.87,2854.08,4,10.99,3,bus
5.46,3389.84,2,9.48,2,auto
287.42,3749.17,5,18.4,4,bus
145.8,5232.24,5,17.49,3,bus
10.19,2346.54,2,12.59,5,auto
14.88,947.38,3,2.67,4,auto
11.23,1942.79,2,3.77,5,auto
295.03,2723.06,4,7.03,4,bus
256.23,1877.24,5,11.25,5,bus
222.59,3597.34,5,1.69,4,bus
269.43,3020.67,3,1.54,4,bus
181.82,15637.56,3,0.39,5,car
132.32,5265.08,1,16.81,4,bus
148.62,4680.84,1,5.34,5,bus
182.34,3430.98,5,14.5,5,bus
295.55,10507.18,2,17.97,4,car
77.99,17715.87,5,14.08,4,car
29.84,2454.15,2,5.81,4,bus
45.5,17612.39,2,5.01,2,car
245.85,15866.52,5,9.29,1,car
104.95,17738.95,4,4.28,4,car
79.51,6049.99,4,10.26,2,car
9.53,2899.38,2,10.31,5,auto
11.45,996.26,2,10.85,5,auto
281.17,1090.62,3,11.15,3,bus
15.61,8700.18,3,8.66,1,car
11.18,3859.35,1,1.64,5,auto
10.85,2853.22,2,5.6,4,auto
8.42,1307.6,3,12.36,4,auto
180.6,2537.39,5,10.31,3,bus
200.86,2047.96,1,7.02,3,bus
327.98,14977.34,2,2.21,3,car
286.6,4706.41,1,19.98,5,bus
10.54,1254.84,1,6.33,4,auto
260.45,2466.47,2,4.7,5,bus
11.65,3445.46,3,4.33,4,auto
270.8,1130.25,1,15.64,3,bus
309.03,21076.15,5,17.98,4,car
7.19,1662.44,1,10.42,2,auto
212.79,6035.26,5,7.6,5,car
130.9,1896.21,2,17.72,3,bus
10.72,1781.64,1,1.7,4,bike
161.35,12240.02,5,6.01,2,car
8.64,2264.58,2,5.5,3,bike
56.6,4022.69,5,8.56,4,bus
2.71,1893.7,2,1.04,2,auto
240.9,4485.57,4,0.96,3,bus
12.47,3645.21,2,9.49,3,auto
15.38,960.69,2,5.69,2,auto
30.54,17103.15,4,22.61,5,car
23.0,13450.51,5,1.39,5,car
142.65,2839.35,2,4.79,4,bus
15.24,2671.48,2,12.04,4,auto
179.3,6514.68,2,13.65,1,car
191.36,2378.35,2,0.94,4,bus
8.58,2083.7,1,1.11,4,bike
3.1,1311.69,1,3.81,2,bike
17.83,3646.46,2,2.93,3,auto
8.32,3130.79,2,10.07,3,auto
4.18,2723.48,1,7.06,2,bike
13.44,2698.11,1,6.82,3,auto
21.61,6838.84,3,10.05,2,car
235.01,4383.08,4,0.8,5,bus
111.88,1241.98,3,10.21,5,bus
85.69,18454.15,5,9.29,2,car
15.37,1863.01,2,11.57,3,auto
85.11,4078.11,2,1.99,4,car
16.68,1729.61,2,13.35,2,auto
19.57,10367.61,2,7.5,4,car
11.29,3795.0,2,7.22,2,auto
40.56,19386.7,5,11.5,4,car
14.42,2756.28,3,10.1,4,auto
5.99,806.46,1,1.76,2,auto
14.81,1435.68,1,6.5,4,bike
14.73,1360.39,2,3.31,3,auto
239.63,10685.39,2,3.21,4,car
274.37,17780.26,2,23.24,4,car
14.56,2496.79,1,7.84,3,bike
8.95,3276.41,2,13.39,2,auto
265.96,5286.33,3,14.02,4,bus
28.88,3407.35,4,19.78,4,bus
9.82,3550.58,2,10.42,2,auto
11.65,2780.77,3,11.64,3,auto
3.91,566.33,1,4.66,5,bike
2.24,801.59,1,1.65,3,bike
53.36,3305.77,2,1.46,5,bus
5.77,783.68,2,7.02,4,bike
208.97,2075.8,1,15.2,4,bus
10.75,1349.69,1,0.52,4,bike
212.03,6903.95,2,14.46,1,car
112.95,18811.44,2,21.61,2,car
7.05,1279.54,1,3.52,5,bike
3.34,761.42,1,5.65,3,bike
13.23,2090.73,1,1.28,3,bike
138.0,15388.3,3,21.2,4,car
10.05,1748.33,1,1.19,3,bike
11.72,1744.96,1,9.77,3,auto
194.38,23650.73,4,21.29,4,car
181.62,4033.17,2,11.96,4,bus
223.08,2621.77,5,7.74,3,bus
105.27,1111.87,4,4.54,4,bus
2.83,1411.58,2,10.98,5,auto
72.34,3003.73,5,13.53,4,bus
171.11,1348.68,2,12.41,4,bus
14.02,1027.22,1,5.32,4,auto
23.86,11046.7,2,0.75,3,car
5.01,1977.08,1,0.3,3,bike
345.54,17006.31,5,24.08,3,car
5.99,1202.34,1,1.13,4,bike
90.24,3293.45,1,17.88,4,bus
36.86,2339.43,1,6.29,5,bus
11.17,1261.88,1,2.25,4,bike
12.92,500.83,1,4.82,4,bike
8.21,2938.85,1,4.46,3,bike
12.82,1242.99,2,8.54,4,auto
11.26,1037.35,1,2.1,4,bike
17.75,2066.27,2,4.23,3,auto
285.38,1635.4,2,2.17,5,bus
15.36,3919.01,1,3.47,5,auto
2.0,2886.65,1,3.04,5,bike
107.2,5579.24,2,14.72,4,car
7.37,3198.05,2,14.79,2,auto
103.31,24047.44,3,19.57,4,car
7.07,609.15,1,0.17,4,bike
205.79,19505.38,4,7.7,4,car
81.78,1621.56,5,4.19,3,bus
66.18,1560.77,2,10.75,3,bus
77.5,9656.55,4,3.69,1,car
165.93,1674.0,2,14.59,3,bus
8.68,2032.25,1,6.78,3,bike
36.6,16060.16,2,13.63,3,car
14.74,3211.95,1,5.04,5,auto
37.34,21423.04,4,14.75,4,car
2.43,2635.52,1,6.61,4,bike
17.02,1919.53,1,9.84,4,auto
10.86,2776.56,1,2.69,4,bike
1.67,2453.79,1,6.0,5,bike
161.25,17309.74,4,18.03,3,car
10.17,3425.92,2,7.27,4,auto
14.59,2855.79,1,2.84,3,bike
6.68,2220.54,1,4.52,5,auto
292.24,12981.05,2,17.25,5,car
117.31,7310.88,5,29.43,5,car
202.55,24183.48,4,6.29,4,car
147.91,4805.5,2,3.9,4,bus
13.2,1134.09,2,10.85,3,auto
73.18,3073.2,4,4.95,3,bus
223.31,2651.33,3,8.55,4,bus
27.16,4545.87,3,4.97,5,bus
150.67,1237.19,1,19.58,4,bus
91.4,4242.05,4,23.5,3,car
222.23,10506.79,2,29.84,1,car
191.68,4625.21,1,17.96,3,bus
7.59,955.27,1,4.1,2,bike
7.85,2964.13,1,5.38,4,bike
13.24,1012.89,1,13.74,5,auto
17.54,1860.31,2,2.94,4,auto
98.22,2569.92,5,1.05,3,bus
68.07,4635.24,3,6.91,4,bus
45.09,16405.83,5,4.81,2,car
126.04,4794.15,4,13.01,5,bus
5.97,2892.0,1,3.86,3,bike
55.62,5116.13,1,13.18,4,bus
4.7,1925.78,2,7.61,4,auto
14.05,3260.55,2,11.49,5,auto
50.35,4941.7,5,15.13,4,bus
16.1,3625.33,2,3.17,2,auto
9.41,2759.31,2,5.95,5,bike
14.46,2611.33,1,4.32,5,bike
4.15,950.03,1,0.83,4,bike
10.34,3923.24,1,0.25,4,auto
6.42,2909.56,1,1.07,2,bike
198.44,1318.13,3,19.92,4,bus
8.61,2766.18,1,0.94,3,bike
8.39,1845.74,1,12.4,2,auto
2.67,2283.11,1,4.49,4,bike
5.62,1773.44,2,3.46,4,auto
141.56,10650.37,5,17.47,3,car
74.48,23218.51,2,8.61,1,car
234.29,5182.32,2,0.65,5,bus
255.93,19650.07,3,27.28,3,car
4.84,1741.65,1,14.12,2,auto
231.35,2392.58,3,18.56,3,bus
191.9,24358.27,5,21.61,3,car
84.29,17734.48,2,7.8,4,car
17.97,2965.83,3,4.42,4,auto
309.94,13108.2,3,0.25,5,car
2.25,2665.36,1,6.75,2,auto
14.66,3730.52,2,4.6,4,auto
6.56,1566.97,1,2.8,3,bike
340.97,24574.42,5,28.26,2,car
16.68,3289.0,3,13.54,2,auto
16.64,3551.44,1,11.81,3,auto
88.22,3108.71,1,17.74,5,bus
74.19,16184.8,2,27.43,5,car
2.12,1501.02,1,1.62,3,auto
290.97,3959.94,3,12.86,3,bus
8.38,2298.38,2,0.64,2,bike
177.2,17610.14,5,17.7,3,car
11.8,3803.14,2,1.15,4,auto
10.79,2506.4,2,11.22,2,auto
10.57,690.33,2,3.96,5,bike
4.58,601.08,1,0.89,5,bike
170.23,4869.73,3,12.26,3,bus
7.96,1349.44,2,4.36,5,bike
249.77,2765.2,3,14.6,3,bus
11.79,2611.96,1,5.01,5,bike
15.92,1988.95,2,7.85,3,auto
120.43,2205.07,1,15.55,4,bus
12.87,2310.79,1,3.24,5,bike
10.32,2470.25,2,11.28,2,auto
186.68,3426.37,3,12.45,3,bus
330.31,22099.49,2,16.52,5,car
13.85,1561.32,1,6.53,5,bike
10.88,3192.94,3,6.21,5,auto
96.59,2798.46,3,19.21,5,bus
289.89,9990.13,5,22.45,1,car
4.36,689.66,1,1.02,4,bike
133.87,16866.37,2,8.22,1,car
9.05,1223.69,2,9.29,2,auto
127.95,3280.09,2,5.54,3,bus
267.19,3128.46,3,3.81,4,bus
2.79,1125.04,1,6.94,5,bike
188.55,4138.52,3,8.21,4,bus
6.13,1490.43,1,3.11,2,bike
280.59,1110.9,2,1.5,3,bus
9.88,2494.79,1,7.32,5,bike
1.66,1171.68,1,3.99,3,bike
340.83,16743.36,3,13.28,1,car
146.35,4911.29,5,9.36,3,bus
182.25,9718.0,4,9.35,1,car
277.38,2906.97,2,5.24,3,bus
251.83,2700.97,2,11.54,5,bus
249.84,2266.65,5,2.87,5,bus
8.32,1381.69,1,12.41,3,auto
176.51,2513.77,1,1.72,5,bus
277.75,1054.01,1,12.47,4,bus
